{"samples": 5570, "ai_samples": 1917, "real_samples": 3653, "feature_keys": ["gray_noise", "edge_mean", "fft_high_ratio", "chan_std", "sat_mean"], "operating_threshold": 0.85, "cv_auc": 0.8431848913027802, "cv_precision": 0.84472049689441, "cv_recall": 0.07094418362023996, "cv_fpr": 0.00684369011771147, "trained_at": "2026-07-22T05:45:36+00:00"}