{"samples": 5396, "ai_samples": 1917, "real_samples": 3479, "feature_keys": ["gray_noise", "edge_mean", "fft_high_ratio", "chan_std", "sat_mean"], "operating_threshold": 0.85, "cv_auc": 0.8418855033472314, "cv_precision": 0.8193548387096774, "cv_recall": 0.06624934793948878, "cv_fpr": 0.008048289738430584, "trained_at": "2026-07-21T05:47:29+00:00"}