{"samples": 3249, "ai_samples": 1520, "real_samples": 1729, "feature_keys": ["gray_noise", "edge_mean", "fft_high_ratio", "chan_std", "sat_mean"], "operating_threshold": 0.85, "cv_auc": 0.8521272183495175, "cv_precision": 0.9056603773584906, "cv_recall": 0.22105263157894736, "cv_fpr": 0.020242914979757085, "trained_at": "2026-07-13T06:05:14+00:00"}