{"samples": 3749, "ai_samples": 1770, "real_samples": 1979, "feature_keys": ["gray_noise", "edge_mean", "fft_high_ratio", "chan_std", "sat_mean"], "operating_threshold": 0.85, "cv_auc": 0.8505142984386911, "cv_precision": 0.9077669902912622, "cv_recall": 0.21129943502824858, "cv_fpr": 0.019201616978271854, "trained_at": "2026-07-14T05:25:52+00:00"}