{"samples": 5146, "ai_samples": 1917, "real_samples": 3229, "feature_keys": ["gray_noise", "edge_mean", "fft_high_ratio", "chan_std", "sat_mean"], "operating_threshold": 0.85, "cv_auc": 0.843616462894223, "cv_precision": 0.8669527896995708, "cv_recall": 0.10537297861241524, "cv_fpr": 0.00960049550944565, "trained_at": "2026-07-19T05:48:21+00:00"}