{"samples": 4646, "ai_samples": 1917, "real_samples": 2729, "feature_keys": ["gray_noise", "edge_mean", "fft_high_ratio", "chan_std", "sat_mean"], "operating_threshold": 0.85, "cv_auc": 0.8475333905636498, "cv_precision": 0.8710691823899371, "cv_recall": 0.1444966092853417, "cv_fpr": 0.015023818248442653, "trained_at": "2026-07-17T05:36:22+00:00"}