{"samples": 4896, "ai_samples": 1917, "real_samples": 2979, "feature_keys": ["gray_noise", "edge_mean", "fft_high_ratio", "chan_std", "sat_mean"], "operating_threshold": 0.85, "cv_auc": 0.8447279977403992, "cv_precision": 0.8764940239043825, "cv_recall": 0.11476264997391758, "cv_fpr": 0.010406176569318564, "trained_at": "2026-07-18T05:23:09+00:00"}