{"samples": 83, "ai_samples": 42, "real_samples": 41, "cv_auc_mean": 0.71875, "cv_auc_std": 0.07040139271121709}