{"samples": 12747, "ai_samples": 6352, "real_samples": 6395, "cv_auc_mean": 0.9979841828193734, "cv_auc_std": 0.001855585345597792}