{"samples": 71, "ai_samples": 39, "real_samples": 32, "cv_auc_mean": 0.7732142857142857, "cv_auc_std": 0.1193508044064708}