{"samples": 5069, "ai_samples": 2133, "real_samples": 2936, "cv_auc_mean": 0.9518176753568038, "cv_auc_std": 0.004530779205815558, "cv_brier": 0.07408441543953996, "cv_accuracy": 0.8982047741171829, "cv_precision": 0.954468802698145, "cv_recall": 0.7960618846694796, "cv_fpr": 0.027588555858310628, "threshold_fpr5": 0.4052884615384615, "calibration": "isotonic", "trained_at": "2026-07-13T09:48:03+00:00", "sklearn_version": "1.5.0"}