{"samples": 950, "ai_samples": 430, "real_samples": 520, "cv_auc_mean": 0.964221824686941, "cv_auc_std": 0.009946407140556439}