{"samples": 993, "ai_samples": 453, "real_samples": 540, "cv_auc_mean": 0.9599111382444715, "cv_auc_std": 0.01355047785112022}