{"samples": 4530, "ai_samples": 1906, "real_samples": 2624, "cv_auc_mean": 0.9559597896022559, "cv_auc_std": 0.0015066779887047844, "cv_brier": 0.06919344954304413, "cv_accuracy": 0.9044150110375276, "cv_precision": 0.957169459962756, "cv_recall": 0.8090241343126967, "cv_fpr": 0.026295731707317072, "threshold_fpr5": 0.4048593266329387, "calibration": "isotonic", "trained_at": "2026-07-12T16:55:23+00:00", "sklearn_version": "1.5.0"}