{"samples": 975, "ai_samples": 444, "real_samples": 531, "cv_auc_mean": 0.9592412807918862, "cv_auc_std": 0.014405456331945638}