{"samples": 7364, "ai_samples": 2500, "real_samples": 4864, "cv_auc_mean": 0.999411001357644, "cv_auc_std": 0.0005301414751074913, "cv_brier": 0.005993186764002318, "cv_accuracy": 0.9926670287887018, "cv_precision": 0.993543179983858, "cv_recall": 0.9848, "cv_fpr": 0.003289473684210526, "threshold_fpr5": 0.04093780946722123, "calibration": "isotonic", "trained_at": "2026-07-15T13:47:32+00:00", "sklearn_version": "1.5.0"}