{"samples": 909, "ai_samples": 412, "real_samples": 497, "cv_auc_mean": 0.9621655431778853, "cv_auc_std": 0.010743766631134171}