{"samples": 1014, "ai_samples": 462, "real_samples": 552, "cv_auc_mean": 0.9606621673311715, "cv_auc_std": 0.01371131925312109}