{"samples": 50000, "ai_samples": 25000, "real_samples": 25000, "cv_auc_mean": 0.9740613679999999, "cv_auc_std": 0.05019465067211467}