{"samples": 20000, "ai_samples": 10000, "real_samples": 10000, "cv_auc_mean": 0.9983654999999999, "cv_auc_std": 0.001591864190187105}