{"samples": 1002, "ai_samples": 456, "real_samples": 546, "cv_auc_mean": 0.9623748170457385, "cv_auc_std": 0.011353776524341002}