{"samples": 890, "ai_samples": 405, "real_samples": 485, "cv_auc_mean": 0.9599847269950361, "cv_auc_std": 0.015094326250872243}