{"samples": 958, "ai_samples": 433, "real_samples": 525, "cv_auc_mean": 0.9576041547332647, "cv_auc_std": 0.014293384244338627}