{"samples": 986, "ai_samples": 449, "real_samples": 537, "cv_auc_mean": 0.9588861988454204, "cv_auc_std": 0.013329905028302079}