{"samples": 1026, "ai_samples": 468, "real_samples": 558, "cv_auc_mean": 0.962716469288192, "cv_auc_std": 0.013318676182161026}