{"samples": 6364, "ai_samples": 1600, "real_samples": 4764, "cv_auc_mean": 0.9989728626071364, "cv_auc_std": 0.0008953761748900872, "cv_brier": 0.007248054003416772, "cv_accuracy": 0.9910433689503457, "cv_precision": 0.9892200380469245, "cv_recall": 0.975, "cv_fpr": 0.003568429890848027, "threshold_fpr5": 0.051399331662489556, "calibration": "isotonic", "trained_at": "2026-07-13T13:34:22+00:00", "sklearn_version": "1.5.0"}