{"samples": 918, "ai_samples": 415, "real_samples": 503, "cv_auc_mean": 0.9612422760348324, "cv_auc_std": 0.013446472822982235}