{"samples": 1047, "ai_samples": 477, "real_samples": 570, "cv_auc_mean": 0.9609718374884579, "cv_auc_std": 0.010660763132566689}