{"samples": 882, "ai_samples": 400, "real_samples": 482, "cv_auc_mean": 0.9616596864261169, "cv_auc_std": 0.009972356488933114}