{"samples": 5164, "ai_samples": 400, "real_samples": 4764, "cv_auc_mean": 0.9971595696253317, "cv_auc_std": 0.000607101059311874, "cv_brier": 0.009009660907166617, "cv_accuracy": 0.9891556932610379, "cv_precision": 0.9623655913978495, "cv_recall": 0.895, "cv_fpr": 0.002938706968933669, "threshold_fpr5": 0.05045305571621361, "calibration": "isotonic", "trained_at": "2026-07-13T06:39:10+00:00", "sklearn_version": "1.5.0"}